{
  "01-01": 0.002256181518012374,
  "01-02": 0.002367454567782385,
  "01-03": 0.002489310008375094,
  "01-04": 0.002665972756661477,
  "01-05": 0.002568125128084441,
  "01-06": 0.0025023405642388636,
  "01-07": 0.0026091121492559355,
  "01-08": 0.00272528152910809,
  "01-09": 0.0025124491166665154,
  "01-10": 0.002532666221521819,
  "01-11": 0.002709249996742361,
  "01-12": 0.002602715330922812,
  "01-13": 0.002503762079424002,
  "01-14": 0.0026700003830193693,
  "01-15": 0.0028023592413689347,
  "01-16": 0.0025869996908204473,
  "01-17": 0.002570020481664626,
  "01-18": 0.0027485785835311936,
  "01-19": 0.002644413109686876,
  "01-20": 0.0025253217263986032,
  "01-21": 0.002671184979006985,
  "01-22": 0.002788854847110119,
  "01-23": 0.0025956077549971193,
  "01-24": 0.0025796551956972316,
  "01-25": 0.0027526062098890865,
  "01-26": 0.002605005549832202,
  "01-27": 0.002517345446748659,
  "01-28": 0.0026482038168472452,
  "01-29": 0.0027748766144562566,
  "01-30": 0.002583603848989283,
  "01-31": 0.002544117316068768,
  "02-01": 0.002714225299890346,
  "02-02": 0.0026515206856125685,
  "02-03": 0.002530218056480747,
  "02-04": 0.002653337066126912,
  "02-05": 0.002770770015032523,
  "02-06": 0.002608243445531684,
  "02-07": 0.002580523899421483,
  "02-08": 0.00273065169758528,
  "02-09": 0.002634225584193383,
  "02-10": 0.0025682041011502823,
  "02-11": 0.0026862688345826212,
  "02-12": 0.002834738198363757,
  "02-13": 0.002578233680512093,
  "02-14": 0.002716989357194782,
  "02-15": 0.002727729694149162,
  "02-16": 0.0026368316953661367,
  "02-17": 0.002546091642714794,
  "02-18": 0.0026459925710036964,
  "02-19": 0.0027711648803617284,
  "02-20": 0.0026763182282866517,
  "02-21": 0.0025935544552852527,
  "02-22": 0.0027608983818023943,
  "02-23": 0.002636752722300296,
  "02-24": 0.0025550155991548302,
  "02-25": 0.0026943240872984065,
  "02-26": 0.0028082822213070123,
  "02-27": 0.00264014856413146,
  "02-28": 0.002591185263310022,
  "02-29": 0.0007763842102831618,
  "03-01": 0.0028348171714295983,
  "03-02": 0.002609507014585141,
  "03-03": 0.0025764172999977494,
  "03-04": 0.0027053013434503097,
  "03-05": 0.0026542847429170046,
  "03-06": 0.002569783562467103,
  "03-07": 0.002743524307317368,
  "03-08": 0.0028300787874791363,
  "03-09": 0.002594344185943663,
  "03-10": 0.002519951557921413,
  "03-11": 0.002656495988760553,
  "03-12": 0.002619141728617746,
  "03-13": 0.0025387471475915783,
  "03-14": 0.002757344593839548,
  "03-15": 0.002749131394992081,
  "03-16": 0.002578944438104662,
  "03-17": 0.0025453808851222245,
  "03-18": 0.002695192791022658,
  "03-19": 0.002637937318287911,
  "03-20": 0.0026415700793165986,
  "03-21": 0.002783405705567088,
  "03-22": 0.002787038466595775,
  "03-23": 0.0026120341526920535,
  "03-24": 0.0025426168278177884,
  "03-25": 0.0027020634477508275,
  "03-26": 0.002657522638616487,
  "03-27": 0.002610691610572756,
  "03-28": 0.0028221814808950334,
  "03-29": 0.0028140472551134075,
  "03-30": 0.0025933175360877297,
  "03-31": 0.0025027354295680685,
  "04-01": 0.002567651289689395,
  "04-02": 0.002669368598492641,
  "04-03": 0.0025397737974475116,
  "04-04": 0.0027690326075840203,
  "04-05": 0.002745498633963394,
  "04-06": 0.0025746009194834055,
  "04-07": 0.002455351590063451,
  "04-08": 0.002637305533761183,
  "04-09": 0.0026016097080010375,
  "04-10": 0.0025858150948328317,
  "04-11": 0.002767058280937995,
  "04-12": 0.0027773247794973285,
  "04-13": 0.0024969703957616737,
  "04-14": 0.0024863090318731347,
  "04-15": 0.0026731593056530103,
  "04-16": 0.002638963968143845,
  "04-17": 0.0025768121653269543,
  "04-18": 0.0027613722201974404,
  "04-19": 0.0027766140219047594,
  "04-20": 0.002570415346993831,
  "04-21": 0.002514107551049177,
  "04-22": 0.0027101976735324535,
  "04-23": 0.002666920433451569,
  "04-24": 0.002570731239257195,
  "04-25": 0.002783168786369565,
  "04-26": 0.0027692695267815437,
  "04-27": 0.0025773649767878415,
  "04-28": 0.002479359402079124,
  "04-29": 0.0026033471154495403,
  "04-30": 0.002608243445531684,
  "05-01": 0.0026041368461079506,
  "05-02": 0.002759555839683097,
  "05-03": 0.0027461304184901217,
  "05-04": 0.0025577796564592663,
  "05-05": 0.002537404605472281,
  "05-06": 0.002693139491310791,
  "05-07": 0.0026811355853029544,
  "05-08": 0.0026305928231646954,
  "05-09": 0.0027958044769041293,
  "05-10": 0.0028293680298865673,
  "05-11": 0.0026301979578354905,
  "05-12": 0.002527453999176311,
  "05-13": 0.0026301979578354905,
  "05-14": 0.0026244329240290953,
  "05-15": 0.002621274001395454,
  "05-16": 0.0027848272207522265,
  "05-17": 0.0028009377261837966,
  "05-18": 0.0026029522501203354,
  "05-19": 0.002522557669094167,
  "05-20": 0.00275671280931282,
  "05-21": 0.002656495988760553,
  "05-22": 0.0026298820655721263,
  "05-23": 0.00283418538690287,
  "05-24": 0.0028570875759967684,
  "05-25": 0.0026405434294606654,
  "05-26": 0.002585894067898673,
  "05-27": 0.0026135346409430333,
  "05-28": 0.002588421206005586,
  "05-29": 0.0026842155348707547,
  "05-30": 0.002663682537752087,
  "05-31": 0.0028454785353181373,
  "06-01": 0.0027060121010428788,
  "06-02": 0.0026325671498107213,
  "06-03": 0.002724649744581362,
  "06-04": 0.002671895736599554,
  "06-05": 0.002637700399090388,
  "06-06": 0.0028553501685482656,
  "06-07": 0.0028277885685697463,
  "06-08": 0.002631461526888947,
  "06-09": 0.002589605801993201,
  "06-10": 0.00277898321387999,
  "06-11": 0.002674343901640626,
  "06-12": 0.002633514826600814,
  "06-13": 0.0027721915302176617,
  "06-14": 0.002869407374267969,
  "06-15": 0.002666130702793159,
  "06-16": 0.0026249857354899825,
  "06-17": 0.00277898321387999,
  "06-18": 0.002726150232832341,
  "06-19": 0.0026761602821549694,
  "06-20": 0.0029430892446976496,
  "06-21": 0.002896021297456396,
  "06-22": 0.0027184108723799206,
  "06-23": 0.0026223006512513876,
  "06-24": 0.0027961203691674935,
  "06-25": 0.002748894475794558,
  "06-26": 0.0027113822695200686,
  "06-27": 0.002906761634410776,
  "06-28": 0.0029591997501292196,
  "06-29": 0.0027295460746635056,
  "06-30": 0.0027059331279770376,
  "07-01": 0.0028823589570658977,
  "07-02": 0.0028470579966349578,
  "07-03": 0.0028085191405045353,
  "07-04": 0.0024441374147140247,
  "07-05": 0.0028923885364277088,
  "07-06": 0.0028205230465123718,
  "07-07": 0.00279280350040217,
  "07-08": 0.0029245305742250077,
  "07-09": 0.0028994171392875603,
  "07-10": 0.0028566137376017224,
  "07-11": 0.0029961591449428216,
  "07-12": 0.003005320020580381,
  "07-13": 0.002778667321616626,
  "07-14": 0.002727966613346685,
  "07-15": 0.002977916366733544,
  "07-16": 0.002880779495749077,
  "07-17": 0.0028285782992281566,
  "07-18": 0.00298455010426419,
  "07-19": 0.0030045302899219706,
  "07-20": 0.002819338450524756,
  "07-21": 0.0027071966970304943,
  "07-22": 0.002909525691715212,
  "07-23": 0.002861194175420502,
  "07-24": 0.0027909081468219855,
  "07-25": 0.003010374296794207,
  "07-26": 0.003024668421711433,
  "07-27": 0.00285795627972102,
  "07-28": 0.0027632675737776255,
  "07-29": 0.0029430892446976496,
  "07-30": 0.0029075513650691862,
  "07-31": 0.002818390773734664,
  "08-01": 0.0030223782028020434,
  "08-02": 0.0030066625626996783,
  "08-03": 0.002818311800668823,
  "08-04": 0.002748973448860399,
  "08-05": 0.002911026179966192,
  "08-06": 0.002895626432127191,
  "08-07": 0.002821470723302464,
  "08-08": 0.003115882312757822,
  "08-09": 0.0030397522772870698,
  "08-10": 0.0028247086190019465,
  "08-11": 0.00276516292735781,
  "08-12": 0.002931796096282382,
  "08-13": 0.0028538496802972863,
  "08-14": 0.0028603254716962506,
  "08-15": 0.0030441747689741675,
  "08-16": 0.0030338292973489927,
  "08-17": 0.0028217076424999874,
  "08-18": 0.002789881496966052,
  "08-19": 0.0029663073260549123,
  "08-20": 0.0029109472069003507,
  "08-21": 0.0028184697468005048,
  "08-22": 0.003013296300230325,
  "08-23": 0.003024273556382228,
  "08-24": 0.002807887355977807,
  "08-25": 0.0027639783313701946,
  "08-26": 0.002938587779944711,